Unnamed: 0,Algorithm,ProofType,TotalCoinsMined,TotalCoinSupply,principal component 1,principal component 2,principal component 3,class,CoinName
42,Scrypt,PoW/PoS,41.99995383,42.0,-0.33889541993744876,1.0012006034492429,-0.5909358850873708,0,42 Coin
404,Scrypt,PoW/PoS,1055184902.04,532000000.0,-0.32221956285756287,1.0012863385946187,-0.5913672788410897,0,404Coin
1337,X13,PoW/PoS,29279424622.5027,314159265359.0,2.316936337105618,1.6291442401040284,-0.6971942510387944,0,EliteCoin
BTC,SHA-256,PoW,17927175.0,21000000.0,-0.13830910473878708,-1.307721005455827,0.171627102044647,3,Bitcoin
ETH,Ethash,PoW,107684222.6865,0.0,-0.1504648421996288,-2.031369105481435,0.3735181167231815,3,Ethereum
LTC,Scrypt,PoW,63039243.3000049,84000000.0,-0.17233498134398625,-1.1517352020340572,-0.03052981533035661,3,Litecoin
DASH,X11,PoW/PoS,9031294.37563393,22000000.0,-0.38586177321276655,1.220662163705964,-0.4876342346810085,0,Dash
XMR,CryptoNight-V7,PoW,17201143.1449131,0.0,-0.15353731191013562,-2.1840087491161757,0.4538722285971881,3,Monero
ETC,Ethash,PoW,113359703.0,210000000.0,-0.14890561391819346,-2.0314763774471767,0.3734898904457324,3,Ethereum Classic
ZEC,Equihash,PoW,7383056.25,21000000.0,-0.17093085050576784,-1.9075426288582382,0.49316390141376626,3,ZCash
BTS,SHA-512,PoS,2741570000.0,3600570502.0,-0.3032765150381302,2.168635827046553,-0.011176184787501688,0,Bitshares
DGB,Multiple,PoW,11406219141.0,21000000000.0,0.16104322453065623,-1.8170106213392558,0.3855007513724734,3,DigiByte
BTCD,SHA-256,PoW/PoS,1288862.0,22000000.0,-0.30369917754657383,0.8451865289350131,-0.388805642666863,0,BitcoinDark
XPY,SHA-256,PoS,11995334.8847328,12500000.0,-0.26108673022112394,0.6243251712797762,-0.07109633223691125,0,PayCoin
PRC,Scrypt,PoW,5768310.0,21000000.0,-0.17348217611939812,-1.1517221067407828,-0.030502133206756776,3,ProsperCoin
KOBO,X15,PoW/PoS,25542535.5881841,350000000.0,-0.24906752082459377,2.0499107301797066,-0.6437712573463539,0,KoboCoin
SPR,X11,PoW,11149733.9976203,20000000.0,-0.22065632747234334,-0.932249837791047,0.0728036557356436,3,Spreadcoin
ARG,Scrypt,PoW,12205795.4449549,64000000.0,-0.17309840438138066,-1.1517422599994676,-0.030509736972765922,3,Argentum
AUR,Scrypt,PoW/PoS,18135099.992959,16768584.0,-0.3385547213108765,1.0011981110346424,-0.5909442529464308,0,Aurora Coin
BLU,Scrypt,PoW/PoS,635423900.0,0.0,-0.3311261748400402,1.0014188554327077,-0.5911556000835428,0,BlueCoin
XMY,Multiple,PoW,1688254250.0,2000000000.0,-0.09257166406691217,-1.8104665639506259,0.391237251791089,3,MyriadCoin
MOON,Scrypt,PoW,88.0,384000000000.0,2.5505678757613137,-1.3514322042247602,-0.07852279502296915,3,MoonCoin
ZET,SHA-256,PoW,170204389.754849,169795588.0,-0.13539160775808576,-1.3077460909316054,0.1715558388298574,3,ZetaCoin
SXC,Scrypt,PoW,128940951.183046,250000000.0,-0.170351530648538,-1.1517989033466287,-0.03057336355949297,3,SexCoin
QTL,Scrypt,PoW,7357794.7925,100000000.0,-0.1729022799873456,-1.1517626488244475,-0.030512563015547577,3,Quatloo
ENRG,Scrypt,PoW/PoS,123062801.128773,0.0,-0.33739074778305367,1.0012428724042515,-0.5909784373627048,0,EnergyCoin
QRK,Quark,PoW,259557164.91477,247000000.0,-0.22343546200238093,-0.4828738033078183,0.03527913188627516,3,QuarkCoin
RIC,Groestl,PoW,49548585.1412917,84000000.0,-0.21337755220818067,-1.094565637831988,0.17623090482713627,3,Riecoin
DGC,Scrypt,PoW,33442988.3440364,48166000.0,-0.17295107352105357,-1.151726730273202,-0.030515100014638,3,Digitalcoin 
BTB,Scrypt,PoW/PoS,42579.476901,500000.0,-0.3388913529091842,1.0012003580308042,-0.5909359623235221,0,BitBar
CAT,Scrypt,PoW,7219956.64626131,21000000.0,-0.17346442702345174,-1.1517216081370172,-0.03050263515288451,3,Catcoin
CBX,Scrypt,PoW/PoS,1039116.65144562,1000000.0,-0.3388756211519415,1.0012004402651897,-0.5909363694361491,0,CryptoBullion
CCN,Scrypt,PoW,4703879.51824446,13140000.0,-0.17355095316595223,-1.1517183843465602,-0.03050078213359529,3,CannaCoin
CRYPT,X11,PoW,4996986.20575291,18000000.0,-0.22074574522844156,-0.9322509109003682,0.07280603334644382,3,CryptCoin
CSC,Scrypt,PoC,39999997299.8568,40000000000.0,0.6818259935681837,0.09939613878799153,-0.3432281294414864,0,CasinoCoin
DMD,Groestl,PoW/PoS,3304487.74735637,4380000.0,-0.3797015658348922,1.0583736583196368,-0.38418152007486445,0,Diamond
XVG,Multiple,PoW,15929530669.1206,16555000000.0,0.18481433095498837,-1.813145126788024,0.38449261161483517,3,Verge
DVC,SHA-256,PoW,18773857500.0,21000000000.0,0.23985173971647922,-1.3121900323845888,0.16251797509860397,3,DevCoin
EAC,Scrypt,PoW,12539015186.822,13500000000.0,0.0753863320819237,-1.154427704969767,-0.03652160508382429,3,EarthCoin
EFL,Scrypt,PoW,20910478.8062499,21000000.0,-0.17329703477824004,-1.1517169057902616,-0.03050736902155822,3,E-Gulden
EMC2,Scrypt,PoW,218871896.499999,299792458.0,-0.1688987063994518,-1.1517939114904705,-0.03061068695409891,3,Einsteinium
EMD,Scrypt,PoW,19496786.31025,32000000.0,-0.17323628084184828,-1.151723112476027,-0.030508255923349922,3,Emerald
EXCL,PoS,PoS,5679705.0,0.0,-0.351459512464694,1.5443197167522122,-0.11897627101283013,0,Exclusive Coin
FLT,Scrypt,PoS/PoW/PoT,461829905.32893,0.0,-0.2853160884754273,0.11313474799503614,-0.5788351118309742,0,FlutterCoin
FRK,Scrypt,PoW,1142732.14912776,11235813.0,-0.1736080040178683,-1.1517186171394387,-0.03049931262173555,3,Franko
FTC,NeoScrypt,PoW,208669093.00773,336000000.0,-0.16712164264697488,-1.637680328150346,0.20818660967352456,3,FeatherCoin
GDC,Scrypt,PoW,884125802.0,1420609614.0,-0.15281314936977985,-1.1521483525310718,-0.030980892441583818,3,GrandCoin
GLC,Scrypt,PoW,65672720.4708748,70000000.0,-0.17240210448675058,-1.1517270160782376,-0.030528975004620273,3,GlobalCoin
GLD,Scrypt,PoW,41658647.9999715,72245700.0,-0.17267978943666681,-1.1517364322947101,-0.030520952349299888,3,GoldCoin
HBN,Scrypt,PoW/PoS,89266933.684704,120000000.0,-0.3369526312484854,1.001168852182378,-0.5909817594274458,0,HoboNickels
HYP,X11,PoS,1678520090.7713,0.0,-0.3230562894335054,1.000377056932644,-0.1704969298238242,0,HyperStake
IFC,Scrypt,PoW,90595753018.6314,90600000000.0,1.5767582263404516,-1.1677170355841109,-0.0731544116770199,3,Infinite Coin
IOC,X11,PoW/PoS,17650913.9743456,22000000.0,-0.3857563822378549,1.2206651243264464,-0.4876372151478496,0,IOCoin
IXC,SHA-256,PoW,21089348.999,21000000.0,-0.13827044124595209,-1.3077199193293436,0.17162600863738053,3,IXcoin
KGC,Scrypt,PoW,151447649.8,265420800.0,-0.1699669420279217,-1.1517991932508223,-0.030583074475164576,3,KrugerCoin
LKY,Scrypt,PoW,19326319.14375,20000000.0,-0.1733234985456973,-1.1517169298072214,-0.03050669618962726,3,LuckyCoin
LTB,Scrypt,PoW,1104344.22938102,1350000.0,-0.17367860780767447,-1.1517134886969382,-0.030498062970562106,3,Litebar 
MAX,SHA3,PoW/PoS,61445805.0,100000000.0,-0.36653690662091576,1.8630981116687784,-0.7155677197456891,0,MaxCoin
MEC,Scrypt,PoW,38151999.9930997,42000000.0,-0.17293724143511688,-1.1517219059004138,-0.030515957126928308,3,MegaCoin
MED,HybridScryptHash256,PoW,40431856.9,200000000.0,-0.15384385142149565,-2.1500677873740286,0.2618603759003163,3,MediterraneanCoin
MINT,Scrypt,PoS,21293925445.4969,0.0,-0.03598840820099184,0.7876445501652428,-0.28058701191316276,0,MintCoin
MINC,Scrypt,PoW,5804204.88794916,10000000.0,-0.17355977620908938,-1.1517163732935132,-0.030500769894141466,3,MinCoin
MZC,SHA-256,PoW/PoS,1613836099.99999,2419200000.0,-0.26697595055730317,0.8444936102629684,-0.3896630323627429,0,MazaCoin
NAUT,Scrypt,PoS,16180000.0,16180000.0,-0.2960338637877958,0.780327769608327,-0.2732316789486074,0,Nautilus Coin
NAV,X13,PoW/PoS,66087096.2077108,0.0,-0.2690391896526816,1.7825049565869144,-0.6478023561655993,0,NavCoin
NOBL,Scrypt,PoW,2366066305.76482,15000000000.0,-0.03835532124823492,-1.1587020071097804,-0.03319163136150888,3,NobleCoin
NMC,SHA-256,PoW,14736400.0,21000000.0,-0.1383481179323654,-1.3077221014060212,0.17162820534148723,3,Namecoin
NYAN,Scrypt,PoW,334709223.483138,337000000.0,-0.16721841125194944,-1.1517734760142468,-0.030655394238421205,3,NyanCoin
OPAL,X13,PoW/PoS,15156364.3306548,0.0,-0.26966191312951826,1.7824874631736614,-0.6477847454862297,0,OpalCoin
ORB,NeoScrypt,PoW/PoS,3220616.279225,3770000.0,-0.3371843571619041,0.5153356682201768,-0.3521391731223119,0,Orbitcoin
POT,Scrypt,PoW/PoS,222677226.014206,420000000.0,-0.33319310524906265,1.0010586447317293,-0.5910654093998944,0,PotCoin
PXC,Scrypt,PoW/PoS,73959274.625,98000000.0,-0.33729587396128063,1.001175036626731,-0.5909737149414203,0,PhoenixCoin
RDD,Scrypt,PoW/PoS,29315567169.0888,0.0,0.01954223055043926,1.0112697564479671,-0.6010725360624254,0,Reddcoin
RPC,Scrypt,PoW,1104157.42169891,21000000.0,-0.1735392041102203,-1.1517237087587688,-0.030500520449732553,3,RonPaulCoin
SBC,Scrypt,PoW,24215181.725,250000000.0,-0.17163199909789628,-1.1518348739894182,-0.030537151789512943,3,StableCoin
SMC,Scrypt,PoW,25593737.1355044,51200000.0,-0.17302552073388855,-1.1517310042801416,-0.030512765373293588,3,SmartCoin
SUPER,X11,PoS,50707661.7493518,0.0,-0.34295934163949493,0.9998179446939337,-0.16993406960751423,0,SuperCoin
SYNC,X11,PoW/PoS,1177.0,1000.0,-0.3861282541401919,1.2206705038063999,-0.48762836095004464,0,SyncCoin
SYS,SHA-256,PoW,563336541.299966,888000000.0,-0.12548956502879724,-1.3079845993279566,0.17133007990701127,3,SysCoin
TES,Multiple,PoS,80260463.7331396,100000000.0,-0.24835664986072256,0.12201311747784226,0.14930433583639358,0,TeslaCoin
TGC,SHA-256,PoW,43536800.0,47011968.0,-0.13781143850542618,-1.3077257380676732,0.17161499361484936,3,TigerCoin
TIT,PHI1612,PoS,1622326490.46336,2300000000.0,-0.310032380029555,1.6378971709196735,-0.21911564534469496,0,TittieCoin
TOR,X11,PoW/PoS,1431851.00002479,10000000.0,-0.3860398240486715,1.2206657947100712,-0.4876301061776504,0,TorCoin
TRC,SHA-256,PoW,22935396.0,42000000.0,-0.13809888637612822,-1.3077302073939818,0.1716227439340041,3,TerraCoin
UNB,SHA-256,PoW,2278150.0,80000000.0,-0.13808187067794267,-1.3077570664966625,0.17162513423411654,3,UnbreakableCoin
UNO,SHA-256,PoW,200911.79151896,250000.0,-0.13867305134696875,-1.3077163018676643,0.17163582649623607,3,Unobtanium
URO,X11,PoW,1207310.0,0.0,-0.2209197812454168,-0.932242850728,0.07280959491471548,3,UroCoin
USDE,Scrypt,PoW/PoS,1098952592.6,1600000000.0,-0.3141075462400267,1.0007459031095582,-0.5915159830225538,0,UnitaryStatus Dollar
UTC,Scrypt,PoW/PoS,50235211.141939,100000000.0,-0.337571756115634,1.0011658478099608,-0.590965761835882,0,UltraCoin
VIA,Scrypt,PoW,23150892.1679687,23000000.0,-0.1732554526296246,-1.1517171764684822,-0.03050839383681238,3,ViaCoin
VRC,Scrypt,PoST,32021108.4136696,0.0,-0.31908963171415383,0.3728410409238967,-0.2140918032611947,0,VeriCoin
VTC,Lyra2REv2,PoW,51173723.8166347,84000000.0,-0.18318663913290947,-1.2798412095255611,0.15809836473486064,3,Vertcoin
WDC,Scrypt,PoW,119606941.0,265420800.0,-0.1703562542596159,-1.1518101297258496,-0.03057206468808891,3,WorldCoin
XC,X11,PoW/PoS,6950831.0970606,5500000.0,-0.3860042692261855,1.2206700307970866,-0.4876314517181497,0,X11 Coin
XCR,Multiple,PoS,100000000.0,0.0,-0.24882474230035956,0.1220719076736023,0.14931001694137142,0,Crypti
XJO,SHA-256,PoW,39195739.362088,45000000.0,-0.13787878990322044,-1.3077261826838797,0.17161674628255705,3,JouleCoin
XST,X13,PoW/PoS,33093725.4123502,0.0,-0.2694425953336335,1.782493624201758,-0.6477909478144336,0,StealthCoin
ZCC,Scrypt,PoW/PoS,147990237.978331,1000000000.0,-0.3299915112479503,1.0007313326834435,-0.5911121225392546,0,ZCC Coin
BCN,CryptoNight,PoW,184066828814.0,184467440735.0,3.865816520390194,-2.347887516061988,0.2871407946820047,3,ByteCoin
XDN,CryptoNight,PoW,6906587610.38292,10000000000.0,0.4619502643316143,-2.3179967547925333,0.3702186613512163,3,DigitalNote 
BURST,Shabal256,PoC,1813033920.0,2158812800.0,0.07402641100625523,0.001635327211102221,-0.18856064830562033,0,BurstCoin
SJCX,Counterparty,PoS,51173144.0,500000000.0,-0.3267140313323844,1.5227364229151916,-0.06224696439561749,0,StorjCoin
MONA,Scrypt,PoW,68194674.8711679,105120000.0,-0.17212211172245945,-1.1517444158213193,-0.030534239350945035,3,MonaCoin
NTRN,SHA-256,PoW/PoS,39121694.0,68000000.0,-0.3029102556075182,0.8451755988757454,-0.38882447742141585,0,Neutron
FAIR,Groestl,PoW/PoS,53193831.0,0.0,-0.37912264898188597,1.0583930720876196,-0.38419822287754307,0,FairCoin
NLG,Scrypt,PoW,415032420.0,1680000000.0,-0.15670846089099183,-1.152444383568345,-0.030851131581839542,3,Gulden
RBY,Scrypt,PoS,27184490.3918338,0.0,-0.29601410153903046,0.7803399646162679,-0.27323346048378183,0,RubyCoin
PTC,Scrypt,PoW,137517654.41397,166386000.0,-0.17083985991487752,-1.1517524696864296,-0.030565871931647913,3,PesetaCoin
KORE,X13,PoW/PoS,2022464.886973,12000000.0,-0.26973736619687666,1.7824767107927266,-0.6477817048750144,0,Kore
WBB,Scrypt,PoW,181919.2435974,2628000.0,-0.17368081946913172,-1.1517144702164248,-0.030497903851295066,3,Wild Beast Coin
NOTE,Scrypt,PoS,174646113.934655,500000000.0,-0.29066388133150095,0.7801305631086332,-0.27334698225248405,0,Dnotes
FLO,Scrypt,PoW,152270664.860648,160000000.0,-0.17070478193307442,-1.1517440810327086,-0.03057017451395392,3,Flo
8BIT,Scrypt,PoW/PoS,1467841.0,0.0,-0.3388774736467221,1.0012011076227805,-0.5909363926133591,0,8BIT Coin
STV,X13,PoW/PoS,7096834.0,10000000.0,-0.2696895114454695,1.7824794939130015,-0.6477832093438303,0,Sativa Coin
ABY,Scrypt,PoW,792537250.0,1000000000.0,-0.15691698547044458,-1.151961051113738,-0.030896619325337556,3,ArtByte
FLDC,Stanford Folding,PoW,719416990.0,1000000000.0,-0.12650478068835969,-2.264918381235746,0.41803679917594394,3,Folding Coin
U,X11,PoS,2689812.0,20000000.0,-0.3434045606432672,0.9997910497484842,-0.16991996745280769,0,Ucoin
UIS,Multiple,PoW,65113302.0,0.0,-0.126606502650424,-1.8099838683293137,0.3920486283971887,3,Unitus
CYP,QuBit,PoW,6365285.0,0.0,-0.17974326919012687,-1.5680128128668507,0.20539712960329337,3,CypherPunkCoin
OMC,Scrypt,PoW,10140044.4430293,3371337.0,-0.1735537891905597,-1.151711436464068,-0.0305014401087408,3,OmniCron
VTR,Scrypt,PoW/PoS,11604722.0,20000000.0,-0.33861164227301066,1.0011941873507766,-0.5909423990312038,0,Vtorrent
GRE,Scrypt,PoW,4610340640.89,10000000000.0,-0.04638712891294198,-1.1553306475462282,-0.033342320768973574,3,GreenCoin
XCN,M7 POW,PoW,708506520.0,1840000000.0,-0.11824978613540484,-2.2535571559599292,0.37573212431991765,3,Cryptonite
MSC,Scrypt,PoW,619478.0,619478.0,-0.1736897188576554,-1.1517132752904704,-0.030497803951589023,3,MasterCoin
SOON,SHA-256,PoW,12462620.0,21000000.0,-0.13837591914658284,-1.3077228823917193,0.1716289915624791,3,SoonCoin
1CR,Scrypt,PoW,88213.0,92000000000.0,0.4789889733017072,-1.1995624885204401,-0.04200360009459687,3,1Credit
ISL,X11,PoW/PoS,1513704.0,0.0,-0.3861097677624803,1.2206710238411225,-0.4876288838221368,0,IslaCoin
NXS,SHA3,PoW/nPoS,63657220.0,78000000.0,-0.3047105251876854,1.8366632974093373,-0.6499374405090945,0,Nexus
MARS,X11,PoW,32221574.820996,33000000.0,-0.22030645692190898,-0.9322493614703562,0.07279474372028583,3,MarsCoin 
CTO,Lyra2RE,PoW,13742738.0,65789100.0,-0.13962646426059552,-2.2523437550178413,0.3904964779233851,3,Crypto
ACP,SHA-256,PoW,14747200.0002,53760000.0,-0.13811557163509272,-1.3077391362269575,0.17162410445016293,3,Anarchists Prime
DRZ,QUAIT,PoW/PoS,8568038.35935056,5060000.0,-0.4003325826685588,1.9576740147207448,-0.7728085005657617,0,Droidz
BSC,X11,PoW,15863837.5,21000000.0,-0.22059159428604155,-0.9322487387178487,0.07280190064089463,3,BowsCoin
SQL,X11,PoS/PoW,329200.01639,0.0,-0.3719649163967285,1.0653792495303351,-0.06840275860160873,0,Squall Coin
SONG,Scrypt,PoW,32565300.0,210240000.0,-0.17181197869181014,-1.1518113266937031,-0.03053506645115045,3,Song Coin
ZNY,Scrypt,PoW,75614500.0,250000000.0,-0.17100354627572795,-1.1518172196286351,-0.030554924495315338,3,BitZeny
DIGS,Scrypt,PoS,100000000.0,100000000.0,-0.2944143505144511,0.7803129647287648,-0.27327114500156896,0,Diggits
EXP,Ethash,PoW,10495278.0,16906397.0,-0.15153321724472057,-2.0314112804614743,0.37354960801921144,3,Expanse
CON,X13,PoW/PoS,23042604.0,50000000.0,-0.2692107664969197,1.7824641668136312,-0.6477937256591165,0,Paycon
SC,Blake2b,PoW,33098296530.0,0.0,0.37661669110387197,-2.187250526992853,0.3483684372024728,3,Siacoin
EMC,SHA-256,PoW/PoS,43059794.804778,1000000000.0,-0.29625007570682094,0.8446922167639783,-0.3889424004896463,0,Emercoin
EGC,X15,PoW/PoS,13530556.4180753,26298000.0,-0.25151087803840444,2.0500749623181878,-0.6437266198166889,0,EverGreenCoin
MND,X11,PoW,15867695.0,16000000.0,-0.2206270193808181,-0.932246136884583,0.0728025246362616,3,MindCoin
I0C,SHA-256,PoW,20997476.8650231,21000000.0,-0.1382715645546615,-1.3077199508850885,0.17162604040465798,3,I0coin
DCR,BLAKE256,PoW/PoS,10365046.9281661,21000000.0,-0.0736584428858127,1.0325089832512193,-0.31221025334249347,0,Decred
RVR,Scrypt,PoW,210000000.0,210000000.0,-0.16964421021343243,-1.151750257554976,-0.030596389286477316,3,Revolution VR
HODL,1GB AES Pattern Search,PoW,11448949.0,81962100.0,-0.16586199286483752,-2.0000650912574796,0.4714498000590784,3,HOdlcoin
EDRC,SHA-256,PoW/PoS,3669691.84494672,22000000.0,-0.30367006744773645,0.8451873466896151,-0.388806465903237,0,EDRCoin
HTC,X11,PoW/PoS,10996318099.0,26550000000.0,-0.06332001506126975,1.2106387608512676,-0.4947511331616187,0,Hitcoin
GAME,Scrypt,PoW,69836100.0,84000000.0,-0.17225187705547917,-1.1517328674863525,-0.030532165527571247,3,Gamecredits
DBIC,SHA-256,PoW/PoS,5129014.0,10500000.0,-0.3037338107021768,0.8451938290988411,-0.3888055322462149,0,DubaiCoin
DIEM,SHA-256,PoW,21739971929.0,21626280000.0,0.2805611509161103,-1.3114969766579458,0.1614140345000688,3,CarpeDiemCoin
PWR,NIST5,PoW/PoS,10069449031.9252,0.0,-0.2297739952459923,1.5547092886642209,-0.6097629407883128,0,PWR Coin
BLRY,Scrypt,PoW/PoS,8998743.2411911,42000000.0,-0.33848742729482656,1.0011818500266658,-0.5909442493919864,0,BillaryCoin
GPU,Scrypt,PoS,40477042.0,221052632.0,-0.29428332794419226,0.7802295604288509,-0.2732657028765592,0,GPU Coin
ADZ,X11,PoW,45110324.0,84000000.0,-0.21978705080002894,-0.9322714596970478,0.07278390872846541,3,Adzcoin
SOIL,Dagger,PoW,5702048.0,30000000.0,-0.14375796198172314,-2.1724540954101887,0.43715630338257605,3,SoilCoin
YOC,Scrypt,PoW,636462.55983338,168351300.0,-0.17249954583191054,-1.1518005070561732,-0.030518787345742496,3,YoCoin
SIB,X11GOST,PoW,17263355.0,24000000.0,-0.1489480823284842,-2.181011171357899,0.3301088331018513,3,SibCoin
ERC,X11,PoW/PoS,10407269.7881868,384000000.0,-0.38327675772023395,1.2204743595167795,-0.4876799842959971,0,EuropeCoin
ZEIT,Scrypt,PoS,36971236046.8073,99000000000.0,0.858046789156065,0.7415392437224231,-0.2983893846784618,0,ZeitCoin
SWING,SHA-256,PoW/PoS,4377081.60953993,40000000.0,-0.30353371814875096,0.8451782278301143,-0.38880896168752627,0,SwingCoin
SAFEX,Scrypt,PoC,2147483647.0,2147483647.0,-0.04953465897186577,0.10608191811835652,-0.32540554131393107,0,SafeExchangeCoin
NEBU,PoS,PoS,20000000.0,20000000.0,-0.3511425310286306,1.5443142333766984,-0.11898372395932105,0,Nebuchadnezzar
FRN,Scrypt,PoW,6570807.65677618,20000000.0,-0.17347945853624233,-1.1517213110015507,-0.030502285626206757,3,Francs
BOLI,X11,PoW,13654082.4987998,25000000.0,-0.22059023486692797,-0.9322515781192353,0.07280216446014824,3,BolivarCoin
XRA,X11,PoW/PoS,134554941.15119,75000000.0,-0.3839510058499105,1.2206777125034423,-0.48768426636967366,0,Ratecoin
REV,SHA-256,PoW/PoS,1195525.0,222725000.0,-0.302276284891093,0.8450820994699283,-0.38883071423388477,0,Revenu
CKC,SHA-256,PoW/PoS,16662820.0,525000000.0,-0.29994269279987035,0.8449301983630241,-0.38887386674678,0,Clockcoin
VIP,NIST5,PoW/PoS,83450403.0,90000000.0,-0.3512330093035377,1.551232542533145,-0.6063212673419057,0,VIP Tokens
BSD,X11,PoW/PoS,24387724.5010828,139000000.0,-0.3848439612437702,1.2206065863553057,-0.4876541772857998,0,BitSend
OMNI,Scrypt,PoW,616448.0,616448.0,-0.1736897774012632,-1.1517132747552896,-0.030497802524935,3,Omni
LIR,POS 3.0,PoS,38589808.6658096,33500000.0,-0.35011366531128807,1.4555547456499127,-0.038558959214915645,0,Let it Ride
PUT,Scrypt,PoW/PoS,813092338.575672,2000000000.0,-0.3147649418295491,1.0004396767054005,-0.5914671654369338,0,PutinCoin
IBANK,Scrypt,PoW/PoS,4526324.0,44333333.0,-0.3385255572679776,1.0011791002938402,-0.5909429947522069,0,iBankCoin
FRWC,Scrypt,PoW/PoS,100000000.0,100000000.0,-0.33696328847341467,1.0011829407513904,-0.5909829693588876,0,Frankywillcoin
MUDRA,X13,PoS,5000000.0,200000000.0,-0.2258182653274814,1.5615099783652717,-0.3300944224590678,0,MudraCoin
PIZZA,X11,PoW,1377917.0,25000000.0,-0.22074033395602194,-0.9322557946703883,0.07280640927671607,3,PizzaCoin
LC,X11,PoS,657000000.0,657000000.0,-0.3308852286165139,0.9996844839259437,-0.1702258798544724,0,Lutetium Coin
KMD,Equihash,dPoW/PoW,115898131.0,200000000.0,-0.35333585191382727,-0.8583050324703281,0.9015459232717333,3,Komodo
GB,X11,PoW/PoS,15563873.0,50000000.0,-0.3855832555625264,1.220649844634313,-0.4876399953404626,0,GoldBlocks
CTC,Scrypt,PoW/PoS,43165500.0,90000000.0,-0.33772914108000257,1.00116862056031,-0.5909620666334556,0,CarterCoin
KRB,CryptoNight,PoW,7822432.72439746,10000000.0,0.30672637869647384,-2.3151704898614036,0.373853503924017,3,Karbo
BXT,SHA-256,PoW/PoS,595429.0,21000000.0,-0.30371475051423796,0.8451868108600472,-0.3888052778277899,0,BitTokens
ZYD,SHA-256,PoW,6243840.0,9736000.0,-0.13853186727315622,-1.307719159959627,0.17163255061564858,3,ZayedCoin
MST,X11,PoW/PoS,657636.34549789,3000000.0,-0.38609895143510314,1.2206691694986314,-0.48762896301109077,0,MustangCoin
ZNE,Scrypt,PoW/PoS,2581970.0,21000000.0,-0.3387148678437102,1.0011905681628928,-0.5909394042362716,0,ZoneCoin
COVAL,Multiple,PoW,1000000000.0,1200000000.0,-0.10666242142685856,-1.8102868804805532,0.3915752870031284,3,Circuits of Value
ROOT,Scrypt,PoW/PoS,1939889.0,0.0,-0.33887170197682964,1.0012012697592831,-0.5909365558367343,0,RootCoin
DOPE,Scrypt,PoW,116845228.0,200000000.0,-0.17085414609206293,-1.1517770528373055,-0.030562927843720288,3,DopeCoin
BTCR,Scrypt,PoS,169598616.0,0.0,-0.29427282242952485,0.7803888802524757,-0.27328270402321936,0,BitCurrency
DLC,SHA-256,PoW,9106714.0,10638298.0,-0.1384904619728918,-1.3077186459217873,0.17163144785280024,3,DollarCoin
SCN,Scrypt,PoW/PoW,665200057.0,3100000000.0,-0.2663207849549508,0.32409130003236053,-0.2657054705183061,0,Swiscoin
SH,Scrypt,PoW,11119200.0,30000000.0,-0.17335290141099305,-1.1517249497608903,-0.03050510901440002,3,Shilling
BUZZ,SHA-256D,PoW/PoS,19577787259.0,20000000000.0,0.04050507351011623,1.9536658486526264,-0.7774681342245963,0,BuzzCoin
XPO,PoS,PoS,74033806.7949683,74000000.0,-0.3500987662485347,1.5443047071276257,-0.11900916116623389,0,Opair
PSB,Scrypt,PoW/PoS,33522957.0,0.0,-0.3384855398859017,1.0012121177412372,-0.5909474765375284,0,PesoBit
HALLO,X11,PoW/PoS,264678458.288619,1500000000.0,-0.3722504083416022,1.2199812617587102,-0.4879074789210802,0,Halloween Coin
XZC,Lyra2Z,PoW,7568281.24956067,21400000.0,-0.1476596057143612,-2.1969916310521787,0.4744059638549275,3,ZCoin
CFC,PoS,PoS,148716816.0,39999898.0,-0.3494268388374992,1.5443480423546376,-0.11903073258719277,0,CoffeeCoin
ROYAL,X13,PoS,2500124.0,2500124.0,-0.22724998437582256,1.5616118397351797,-0.3300688575712897,0,RoyalCoin
GNJ,X14,PoW/PoS,100000000.0,100000000.0,-0.39908620805666994,1.9165623231047202,-0.634704348966833,0,GanjaCoin V2
TEAM,PoS,PoS,17818682.1654,301000000.0,-0.34917566071179534,1.5441673355822578,-0.11901811321078191,0,TeamUP
LANA,SHA-256D,PoW/PoS,1082162635.53683,7506000000.0,-0.2742766216696093,1.9538112213747334,-0.7695101986778742,0,LanaCoin
ELE,Ethash,PoW,26205539.0,26205539.0,-0.1512751575972934,-2.0314107208849226,0.3735430127661452,3,Elementrem
ZCL,Equihash,PoW,5613550.0,21000000.0,-0.1709524860300118,-1.9075432366387055,0.49316451326845573,3,ZClassic
ARK,DPoS,DPoS,108202084.0,125000000.0,3.70084762280883,2.0163832113958144,0.03248082290870198,0,ARK
INSANE,X11,PoW/PoS,18342813.0,30000000.0,-0.38569116686199384,1.2206612011628943,-0.4876384549173922,0,InsaneCoin
KLC,Scrypt,PoW,196297971.0,10000000000.0,-0.10035705820698902,-1.1568467591294322,-0.03181604601662486,3,KiloCoin
ATX,X11,PoW,824000000.0,500000000.0,-0.20731237536195532,-0.9322202931611702,0.07246255914687548,3,ArtexCoin
EMB,X13,PoW/PoS,92192822723.0,850000000.0,0.8634127854235509,1.8137060647354386,-0.6797639750753002,0,EmberCoin
XEN,X11,PoW/PoS,3853326.77707314,3853326.77707314,-0.38605382425532964,1.2206698233204798,-0.48763017472960324,0,XenixCoin
FRE,PoS,PoS,50000000.0,50000000.0,-0.3505628913459734,1.5443089345651158,-0.11899784924670867,0,FreeCoin
PLNC,Scrypt,PoW/PoS,17089600.0,38540000.0,-0.33841304823869733,1.001186428582285,-0.5909466142969428,0,PLNCoin
ARCO,Scrypt,PoW/PoS,2449577.41533168,42000000.0,-0.338567503099025,1.0011796005544897,-0.5909419848405999,0,AquariusCoin
KURT,X11,PoW,61364813.0,228000000.0,-0.21856670817760407,-0.9323407713321756,0.07276027881782461,3,Kurrent
XCRE,PoS,PoS,20000000.0,20000000.0,-0.3511425310286306,1.5443142333766984,-0.11898372395932105,0,Creatio
ENT,X11,PoW/PoS,6069482.07721352,60000000.0,-0.38562839773350915,1.2206413825354725,-0.4876379630561681,0,Eternity
EUC,SHA-256,PoW/PoS,12416554.0,20000000.0,-0.3035773095985037,0.8451913912180049,-0.3888092402359457,0,Eurocoin
BCF,Scrypt,PoW/PoS,20244023.640728,33000000.0,-0.33841378277249434,1.0011903934099242,-0.590947012159559,0,BitcoinFast
XSN,X11,TPoS,75590369.0,76500000.0,-0.36869609978076356,0.6697694082030387,-0.06777774898897779,0,Stakenet
BCCOIN,Scrypt,PoW/PoS,11080722.3769581,28000000.0,-0.3385612935327958,1.001189846556911,-0.5909432183708715,0,BitConnect Coin
MONEY,Scrypt,PoW/PoS,10914418.0,650659833.0,-0.334145896626005,1.0008659430212956,-0.5910210343419351,0,MoneyCoin
XNG,X11,PoW/PoS,814671.0,5000000.0,-0.386082842488704,1.220668183232723,-0.4876292674417546,0,Enigma
XCI,CryptoNight,PoW,978145.0,21000000.0,0.3067207334468085,-2.3151785618187457,0.3738544947975451,3,Cannabis Industry Coin
RC,Scrypt,PoW/PoS,8377873.0,144000000.0,-0.3377713844924441,1.0011285864039323,-0.5909567914250141,0,Russiacoin
PND,Scrypt,PoS,33813143821.8337,32514916898.0,0.3477579737828063,0.7750335214776054,-0.28898237600124094,0,PandaCoin
UNITS,Scrypt,PoW/PoS,3472983.0,13000000.0,-0.3387607291587948,1.0011950350165348,-0.5909387118014149,0,GameUnits
GAKH,Scrypt,PoW/PoS,3315789.0,3315789.0,-0.33883135531948144,1.0012000177986276,-0.5909374462833465,0,GAKHcoin
ASAFE2,Quark,PoS,10517772.7391666,15000000.0,-0.3507711421256541,1.4492051148777823,-0.20733228916229546,0,Allsafe
LTCR,QuBit,PoW/PoS,30227750.0,78835200.0,-0.3440859461300278,0.5848681502959855,-0.3550593538733711,0,LiteCreed
OS76,Scrypt,PoW,894026.0,2714286.0,-0.17367150047996327,-1.1517142705033263,-0.030498160872915688,3,OsmiumCoin
BIC,CryptoNight,PoW,9357088.0,25000000.0,0.3068515595079957,-2.3151777642712195,0.3738510972878024,3,Bikercoins
HXX,Lyra2RE,PoW,1876146.443596,9999999.0,-0.14016734864041974,-2.252318814886567,0.39050755842947654,3,HexxCoin
KED,Scrypt,PoW/PoS,23965372.0,500000000.0,-0.335055173249492,1.0009487841222349,-0.5910067046639721,0,Klingon Empire Darsek
IOP,SHA-256,PoW/PoS,2526078.47525448,21000000.0,-0.30369114471260356,0.8451874739891219,-0.38880594540211344,0,Internet of People
KUSH,X11,PoW/PoS,5659096.95728771,9354000.0,-0.38599272107462607,1.2206675826474007,-0.48763148706984916,0,KushCoin
PRX,Scrypt,PoW/PoS,11821728.0,20000000.0,-0.33860898896869274,1.0011942618868281,-0.590942474066903,0,Printerium
PAC,X11,PoW,536982074.0,100000000000.0,0.4950762661692588,-0.9840689919451274,0.06011775224420443,3,PacCoin
IMPCH,Scrypt,PoW/PoS,308179.0,21933333.0,-0.33873604770626764,1.0011893017453712,-0.5909387347395522,0,Impeach
CTL,CryptoNight-V7,PoW,10969318.522954,185000000.0,-0.15230103400700823,-2.1841071083972574,0.4538512462387846,3,Citadel
ZBC,Scrypt,PoS,2922613.96424908,55000000.0,-0.29592055350748886,0.7803030256862965,-0.2732319499043996,0,Zilbercoin
FRST,Scrypt,PoW/PoS ,110000000.0,110000000.0,-0.33828500844840254,0.2521886843329668,-0.2620731366931968,0,FirstCoin
BVC,Scrypt,PoW,3115258.0,3360000.0,-0.17363976077638116,-1.151713843403457,-0.030499009680778132,3,BeaverCoin
FIND,X13,PoS,14524851.4827,14524851.4827,-0.22701765073508548,1.5616097158430042,-0.330074519329005,0,FindCoin
VLTC,X11,PoW,30385540.0,1000000000.0,-0.21346857081179635,-0.9327529304092896,0.07267443991135399,3,VaultCoin
ZER,Equihash,PoW,6921653.89980891,17000000.0,-0.17096486982062087,-1.90754070693158,0.49316456121948044,3,Zero
CHAT,Scrypt,PoW/PoS,1000000000.0,1000000000.0,-0.31957409799369785,1.0010239764039068,-0.5914067279805205,0,OpenChat
CDN,Scrypt,PoW,99843408.3158479,100000000.0,-0.17177147034279455,-1.1517308823644403,-0.030544542420241502,3,Canada eCoin
ZOI,Lyra2RE,PoW,18545757.5,21000000.0,-0.13988549248131996,-2.2523188104172234,0.3905004187357961,3,Zoin
RNS,Scrypt,PoS,36050365.0,34426423.0,-0.2956614630309134,0.7803251045792537,-0.27324083166947394,0,RenosCoin
DBIX,Dagger-Hashimoto,PoW,2232901.0,2232901.0,-0.1260559654136157,-2.2436773546167217,0.20096289111205898,3,DubaiCoin
XVP,X11,PoW/PoS,13162749.0858027,100000000.0,-0.38525789119501863,1.2206230148260915,-0.48764541837888575,0,VirtacoinPlus
TAJ,Blake2S,PoW/PoS,12184195.9258495,36900000.0,-0.4193199186881017,2.096486287813293,-0.5918963210365541,0,TajCoin
IMX,X11,PoW/PoS,110630387.850471,110000000.0,-0.38399522245181245,1.2206512914686496,-0.4876803711120865,0,Impact
EB3,Scrypt,PoW,64096052.0,4000000000.0,-0.1445401859028633,-1.1537715571572569,-0.031019938581626952,3,EB3coin
ATMOS,PoS,PoS,111135836.889,110290030.0,-0.34938766664589294,1.544298576227998,-0.11902652884068413,0,Atmos
HPC,X11,PoW/PoS,21521322.0099142,100000000.0,-0.3851556920040616,1.2206258857836645,-0.48764830858176156,0,HappyCoin
CXT,NIST5,PoW,10123200.0,48252000.0,-0.18723201796309008,-0.6016846996256443,-0.04585231843477928,3,Coinonat
MCRN,PoS,PoS,401421401.0,400000000.0,-0.3437830490953008,1.544247603311805,-0.11916313575410918,0,MacronCoin
RAIN,X11,PoW/PoS,121665451.643876,500000000.0,-0.38109346187828763,1.2204522420845225,-0.4877329624619001,0,Condensate
IMS,Scrypt,PoW/PoS,5368934.0,21212121.0,-0.3386792871127943,1.0011914150897798,-0.5909403944336158,0,Independent Money System
ARGUS,Scrypt,PoW/PoS,1148324.0,28600000.0,-0.3386784790129862,1.0011861229692578,-0.590939859014742,0,ArgusCoin
LMC,Scrypt,PoW/PoS,500000.0,1000000000.0,-0.3317948553274152,1.0006806735315201,-0.5910611237965423,0,LomoCoin
PROC,SHA-256,PoS,100545745.0,75000000000.0,0.2719911825105056,0.5853544626843025,-0.08050532564630185,0,ProCurrency
XGR,X11,PoW/PoS,17171382.0,40000000.0,-0.38563454527758434,1.220655597789465,-0.4876393005218147,0,GoldReserve
BENJI,Scrypt,PoW,20276099.146524,35520400.0,-0.17320177697573846,-1.1517246757677475,-0.03050896567364545,3,BenjiRolls
GRW,Scrypt,PoS,295135466.361878,2000000000.0,-0.278548995611112,0.7793917956482539,-0.27357624346865184,0,GrowthCoin
ILC,SHA-256,PoW,1317747500.0,2500000000.0,-0.10482922312832132,-1.3085638821982404,0.1708676157594968,3,ILCoin
PHR,PoS,PoS,11390225.9742772,30000000.0,-0.35117685710313296,1.5443060751213016,-0.11898199755526805,0,Phreak
DEA,Scrypt,PoW/PoS,21358764.0,105000000.0,-0.33788935244317875,1.0011533289752372,-0.5909564023517264,0,Degas Coin
HTML5,X15,PoW/PoS,40659020000.0,90000000000.0,0.8837703775893504,2.0172401839535126,-0.6690335348229183,0,HTML5 Coin
USC,SHA-256,PoS,10343113.0,200084200.0,-0.2597761246243322,0.6242270409292398,-0.07111922131208585,0,Ultimate Secure Cash
EQT,Scrypt,PoW,13673406.4325268,72000000.0,-0.17302370447560717,-1.1517459167256565,-0.03051124496572012,3,EquiTrader
QTUM,POS 3.0,PoS,100000000.0,100000000.0,-0.3488910297808611,1.4555412517308595,-0.038588510329484606,0,QTUM
QRL,CryptoNight-V7,PoW,69036016.8340164,105000000.0,-0.1521586161496616,-2.184045555827724,0.4538411733730647,3,Quantum Resistant Ledger
ESP,536,PoW/PoS,22801882871.0,50000000000.0,0.6183980408649953,1.8230151970648685,-0.6614535092857584,0,Espers
DYN,Argon2d,PoW,19784224.6512734,0.0,-0.12350495682222155,-2.255585492012625,0.43068030739816643,3,Dynamic
NANO,Blake2b,PoW,133248297.0,340282367.0,-0.024028576623821147,-2.1987501654929384,0.3597244373755738,3,Nano
CHAN,Cloverhash,PoW,18407259.0885883,30000000.0,-0.1659844574837016,-2.1148871363880772,0.3744407037298919,3,ChanCoin
DCY,CryptoNight,PoW,1809467143.0,2000000000.0,0.3428728151932664,-2.315586672956016,0.37298165546796885,3,Dinastycoin
DNR,NIST5,PoW/PoS,4171382.0,10000000.0,-0.3527698998068965,1.5512469203353472,-0.60628384920688,0,Denarius
DP,X11,PoW,35138975.0,100000000.0,-0.21979545796386743,-0.932283206228853,0.07278535553888504,3,DigitalPrice
VUC,NIST5,PoW/PoS,62942075.0,120000000.0,-0.3512709284200999,1.551209895393317,-0.6063179280074997,0,Virta Unique Coin
BTPL,Skein,PoW/PoS,6804362.0,100000000.0,-0.40683480843835595,1.9605729586430038,-0.6556418418981541,0,Bitcoin Planet
UNIFY,Scrypt,PoW,18133195.0,19276800.0,-0.17334321742809064,-1.1517169634775484,-0.030506193187037872,3,Unify
BRIT,X13,PoW/PoS,21268092.0,30000000.0,-0.2693743522655449,1.7824739593470633,-0.6477906107567438,0,BritCoin
SOCC,Scrypt,PoW,5167775.0,75000000.0,-0.17310641837598392,-1.1517503984990798,-0.03050867911090482,3,SocialCoin
ARC,X11,PoW,26042364.3735553,60000000.0,-0.22019045912587923,-0.9322655266171392,0.07279350357189378,3,ArcticCoin
DAS,X11,PoW,2622886.0,18900000.0,-0.22076838803806278,-0.932252194435006,0.07280674169660648,3,DAS
LINDA,Scrypt,PoW/PoS,9044930943.24243,50000000000.0,0.12641838031648855,0.9783022244595491,-0.6003167068307895,0,Linda
XLC,CryptoNight,PoW,14161803.0,54000000.0,0.3071160452449814,-2.3151911969218197,0.37384580901814346,3,LeviarCoin
ONION,X13,PoW/PoS,21917018.0492836,18898187.6216583,-0.26944517920547895,1.7824799563077596,-0.6477894466829981,0,DeepOnion
BTX,Time Travel,PoW,17801865.1605478,21000000.0,-0.17933216718636058,-2.0309186479216907,0.40018645090537525,3,Bitcore
GCN,Scrypt,PoW,163055097500.0,200000000000.0,3.2388423146115985,-1.1997282123919493,-0.11189139462905914,3,gCn Coin
SMART,Keccak,PoW,2241009149.22257,5000000000.0,-0.12125795382805879,-1.090121062801219,0.07254185019943242,3,SmartCash
SIGT,SkunkHash v2 Raptor,PoS,107972766.0,137500000.0,-0.33833149927601436,1.4348650517550583,-0.12999275335970564,0,Signatum
ONX,X11,PoW,122475638.389743,1100000000.0,-0.2116331518810573,-0.9327733099649341,0.07263009068268418,3,Onix
CRM,Skein,PoW/PoS,47331802.4774238,100000000.0,-0.40633928466103586,1.9605868787898035,-0.6556558553578786,0,Cream
BCH,SHA-256,PoW,17995589.6469082,21000000.0,-0.13830826824174083,-1.3077209819571294,0.17162707838843227,3,Bitcoin Cash
XMCC,X11,PoW/PoS,12569262.5359307,9507271.0,-0.38590714399935255,1.2206698763973236,-0.48763389561564013,0,Monoeci
DFT,Scrypt,PoS,18663297.3489799,17405891.19707116,-0.2959948038057904,0.7803279849698651,-0.27323269093300767,0,Draftcoin
VET,VeChainThor Authority,Proof of Authority,55454734800.0,86712634466.0,4.425404292887418,1.8303303948507905,5.138720821280572,0,Vechain
SOJ,Scrypt,PoW,485214.0,10500000000.0,-0.09920400948870006,-1.1571740666709405,-0.0318108713749537,3,Sojourn Coin
STCN,PoS,PoS,4000000.0,61599965.0,-0.35104303200661896,1.5442871015719897,-0.11898339426074482,0,Stakecoin
NYC,Scrypt,PoW,143006669741.687,0.0,1.5748223820592244,-1.1025940058010226,-0.07994593988809463,3,NewYorkCoin
FRAZ,Scrypt,PoW,9704042.0,20000000.0,-0.17344114888483844,-1.1517202348151079,-0.030503369026805536,3,FrazCoin
KRONE,Scrypt,PoW,17453749.4042601,84000000.0,-0.17289234928679525,-1.1517508594937786,-0.030514052911730802,3,Kronecoin
ACC,Scrypt,PoW,32646731.063036,100000000.0,-0.1725930754316778,-1.1517539627169329,-0.030521307349898153,3,AdCoin
LINX,Scrypt,PoW,33716526.0,100000000.0,-0.17257999518723396,-1.151753595269534,-0.030521677260459838,3,Linx
XCXT,Scrypt,PoW/PoS,19539588.0,48252000.0,-0.33831419123434603,1.0011822188636115,-0.590948676086063,0,CoinonatX
ETHD,Scrypt,PoW/PoS,4200000.0,4200000.0,-0.33881427119336704,1.0011998616230444,-0.5909378626078293,0,Ethereum Dark
SUMO,CryptoNight,PoW,8946653.0,88888888.0,0.3072997978206556,-2.315211133962081,0.37384324888934445,3,Sumokoin
ODN,SHA-512,PoS,25000000.0,91388946.0,-0.3613873854230361,2.169527885387218,-0.009797978425164954,0,Obsidian
ADA,Ouroboros,PoS,25927070538.0,45000000000.0,0.6581150714127344,1.455621763522019,-0.19620391862472084,0,Cardano
REC,X11,PoW/PoS,7262402.04264803,27000000.0,-0.38584792897079623,1.2206589556280534,-0.48763424836780817,0,Regalcoin
BTCZ,Equihash,PoW,5211553258.01514,21000000000.0,0.04153437422883637,-1.9166663413059704,0.4887406624105513,3,BitcoinZ
TZC,NeoScrypt,PoW/PoS,182638400.0,400000000.0,-0.33217960439620375,0.5151912137916992,-0.3522507665162701,0,TrezarCoin
ELM,X11,PoW,2702855668.85288,1800000000.0,-0.17511706232311572,-0.932251086104829,0.071650308341488,3,Elements
TER,Scrypt,PoW/PoS,1140734.91680375,15733333.0,-0.33876985375497887,1.0011928123374976,-0.5909382472100893,0,TerraNovaCoin
VIVO,NeoScrypt,PoW,4165967.57499639,27000000.0,-0.17181426159723537,-1.637589858367837,0.2082959675102437,3,VIVO Coin
RUP,Lyra2REv2,PoS,24000000.0,24000000.0,-0.3065893506594413,0.6522244563979411,-0.08461128369955738,0,Rupee
BTG,Equihash,PoW,17202361.088994,21000000.0,-0.170810791134459,-1.9075392561763402,0.49316050612328327,3,Bitcoin Gold
WOMEN,Scrypt,PoW/PoS,48459472454.0,25000000000.0,0.4309735861384523,1.0048426602824143,-0.6108187055986094,0,WomenCoin
MAY,SHA-256,PoW/PoS,92050800.0,100000000.0,-0.30203607580497566,0.8451771354265717,-0.3888467811996324,0,Theresa May Coin
NAMO,NIST5,PoW/PoS,560563220.0,1200000000.0,-0.33752457084318244,1.5508191058264233,-0.6066250650978835,0,NamoCoin
LUX,PHI1612,PoW/PoS,8305775.31777569,60000000.0,-0.3882073131402092,1.8593777995310183,-0.5359892308616325,0,LUXCoin
PIRL,Dagger,PoW,33986980.0,156306732.71,-0.14251604872270884,-2.1725100725958697,0.4371307264439169,3,Pirl
XIOS,Scrypt,PoW/PoS,2149688.0,21000000.0,-0.3387201532998602,1.0011904196850014,-0.5909392547630671,0,Xios
BTDX,Quark,PoW/PoS,30711550.5294042,200000000.0,-0.3917606997558009,1.669985808142799,-0.5250742332454579,0,Bitcloud 2.0
EBST,Scrypt,PoW,99990001.493466,100000000.0,-0.17176967796695627,-1.151730832013406,-0.030544593108801185,3,eBoost
KEK,POS 2.0,PoS,12330806.30517,21000000.0,-0.3420436114420066,1.6174698070383624,0.1167415852408617,0,KekCoin
BLHC,Scrypt,PoW/PoS,16362544.992,14788275.991,-0.338590443311892,1.0011985321684929,-0.590943392368666,0,BlackholeCoin
XIN,SHA-256,PoS,8999999990.0,9000000000.0,-0.0874301716055181,0.6227379089793249,-0.07532820741499677,0,Infinity Economics
PURA,X11,PoW,175215859.0,350000000.0,-0.21630914300892615,-0.9323651187914069,0.07270565370390594,3,Pura
INN,NeoScrypt,PoW,6375259.04,45000000.0,-0.17165954874025116,-1.6375984613622383,0.20829295240278123,3,Innova
ELLA,Ethash,PoW,12756367.0,280000000.0,-0.14963906626737608,-2.0315473392551127,0.3735159221639104,3,Ellaism
GBX,NeoScrypt,PoW,5832306.875,31800000.0,-0.1717598341124234,-1.6375917825105766,0.20829479101228482,3,GoByte
MAG,X11,PoW/PoS,38198594.8342105,144000000.0,-0.3846396252570679,1.2206087295302903,-0.48765957809731414,0,Magnet
TAU,DPoS,DPoS,288090567.493887,500000000.0,3.7057075155441628,2.0162499603990516,0.032371721905346394,0,Lamden Tau
ECA,NIST5,PoW/PoS,28399150208.0,30000000000.0,0.2071744518543014,1.5454020257479204,-0.6198529064133685,0,Electra
BCD,X13,PoW/PoS,183534024.889807,210000000.0,-0.2661133463163687,1.782436075275788,-0.6478692304472613,0,Bitcoin Diamond
XSH,Multiple,PoW,481730566.566176,660000000.0,-0.11683023888554488,-1.8101840379741934,0.39182202824441703,3,SHIELD
CNBC,Scrypt,PoW/PoS,110976977.29338,210000000.0,-0.33604868467213794,1.0011294998815126,-0.5910005221884065,0,Cash & Back Coin
XUN,CryptoNight,PoW,19281821413.4924,85000000000.0,1.1453445477400834,-2.3527538008759703,0.3565596512042783,3,UltraNote
COAL,CryptoNight,PoW,4500000.0,12500000.0,0.30670349187087903,-2.315172931286843,0.3738543400804771,3,BitCoal
DAXX,Ethash,PoW,520891780.0,10000000000.0,-0.07446808693414958,-2.036428195801483,0.37212458061956855,3,DaxxCoin
BWK,NIST5,PoS,13247178.8807286,27716121.0,-0.3099843070825309,1.3303708474345275,-0.2885773787335989,0,Bulwark
KLKS,Quark,PoS,16955764.902064,20000000.0,-0.3506569533675349,1.4492047256563156,-0.20733514060158076,0,Kalkulus
AC3,X11,PoW,80316207.0,550000000.0,-0.2160505783927351,-0.9325017347448276,0.07271345465967506,3,AC3
LTHN,CryptoNight-V7,PoW,441250233.377,999481516.0,-0.1412617448578169,-2.184382931018477,0.4536006011483898,3,Lethean
GER,Scrypt,PoW/PoS,4911500269.41,50000000000.0,0.07587945763449722,0.9768824959721661,-0.5988874612729499,0,GermanCoin
LTCU,Scrypt,PoW/PoS,8419402.321,150000000.0,-0.3377283100068861,1.001125480058224,-0.5909575561799433,0,LiteCoin Ultra
POP,Scrypt,PoW,3964201248.87125,4999999999.0,-0.08975965169577098,-1.1529520717089345,-0.032493571379385515,3,PopularCoin
PNX,X11,PoW/PoS,45174214.1078625,50000000.0,-0.3852212137483711,1.2206600150346685,-0.48765023391752704,0,PhantomX
PHO,BLAKE256,PoW,30089671530.5228,90000000000.0,1.0976627783310187,-1.156871535510742,0.22657408565684375,3,Photon
SUCR,X11,PoW,4229040.50393462,19800000.0,-0.22074236478772047,-0.9322521108532111,0.07280607376594773,3,Sucre
SPK,NeoScrypt,PoW,7847417.33355824,21000000.0,-0.17181181569871132,-1.6375854732733437,0.20829544494436616,3,SparksPay
WAGE,Quark,PoS,27299680.0,120000000.0,-0.34982103445577223,1.4491562683622716,-0.20735122387430266,0,Digiwage
GUN,NeoScrypt,PoW,299797953.0,500000000.0,-0.16484393172678694,-1.6377343243733706,0.20813458860526743,3,GunCoin
IRL,Scrypt,PoW,45483049.3398182,64000000.0,-0.17269152769845753,-1.151730830107674,-0.030521243484199104,3,IrishCoin
TROLL,Scrypt,PoW/PoS,591022748.0,900000000.0,-0.3252840552000181,1.000935513268149,-0.5912528064395579,0,Trollcoin
LCP,Scrypt,PoW/PoS,2504486.227718,4000000.0,-0.33883642091154503,1.0011993832774457,-0.5909372513248728,0,Litecoin Plus
MONK,X11,PoS,4407252.0,21000000.0,-0.3433764672743474,0.9997911195438551,-0.16992068637002372,0,Monkey Project
PCOIN,X11,PoW,8478104.33969947,23000000.0,-0.22066770978695527,-0.9322523157329883,0.07280420432640437,3,Pioneer Coin
UBTC,SHA-256,PoW,20166000.0,20166000.0,-0.13828764768779397,-1.3077198027114942,0.17162643221520515,3,UnitedBitcoin
ITZ,C11,PoW,11916588.09471,23000000.0,-0.2040417963486695,-1.1553034824574107,0.23801269456047297,3,Interzone
TPAY,POS 3.0,PoS,20445861.5344251,25000000.0,-0.35039581184998747,1.4555529345288845,-0.0385516223943493,0,TokenPay
MCT,Ethash,PoS,1618033.0,1618033.0,-0.2743950155344081,-0.09936258475826579,0.1308280411835784,0,1717 Masonic Commemorative Token
MBC,Scrypt,PoW and PoS,9399342.52839847,30000000.0,-0.3089199295009381,0.23935294324570436,-0.3202740463144259,0,My Big Coin
TRTL,CryptoNight,PoW,53139835213.77,1000000000000.0,8.050745674291742,-2.817017453943411,0.23041708233530714,3,TurtleCoin
MUN,SkunkHash,PoW,4818338.98949984,16600000.0,-0.15955635794524856,-2.2818991841211202,0.3367439294467272,3,MUNcoin
USX,Scrypt,PoW/PoS,234846265.782157,232000000.0,-0.33437807294583,1.0011606036004546,-0.5910461047968436,0,Unified Society USDEX
NBR,CryptoNight,PoW,133932467.774108,336000000.0,0.3105811011451949,-2.3152967274082963,0.37376912650130883,3,Niobio Cash
SSS,Scrypt,PoW,10000000000.0,10000000000.0,0.01951153956037704,-1.1534794364014846,-0.03520594140401714,3,ShareChain
TRF,Dagger,PoW,107325266.027783,100000000.0,-0.14201881638872724,-2.1724555975314117,0.43711240979491794,3,Travelflex
KREDS,Lyra2REv2,PoW,643795911.540095,1100000000.0,-0.16873276101079482,-1.2801660821399883,0.15776638267582474,3,KREDS
TOKC,X13,PoS,230298925.0,800000000.0,-0.21880689329540517,1.5612753018281296,-0.33024736516604136,0,Tokyo Coin
BBP,Proof-of-BibleHash,POBh,1772091549.88818,5200000000.0,-0.18633737206682371,3.337698638096091,15.07801457650292,1,BiblePay
LCC,SHA-256 + Hive,PoW + Hive,638382332.208514,840000000.0,-0.3577150806123233,3.104861796342898,14.73553926628657,1,LitecoinCash
FLIP,Scrypt,PoW,12446100.00278,40000000.0,-0.17326573305627416,-1.1517296950210547,-0.03050681848440264,3,BitFlip
LOT,Scrypt,PoW,14491014421.0,18406979840.0,0.13406550733143635,-1.1563093711670842,-0.03781025722213794,3,LottoCoin
CIF,X11,PoW,211297638.500483,500000000.0,-0.21480380795593354,-0.9324307408656433,0.07267441757575743,3,Crypto Improvement Fund
SPD,C11,PoW/PoS,11251342.1879021,19340594.0,-0.36926962446147216,0.9976119616412186,-0.3224249905388903,0,Stipend
POA,Proof-of-Authority,PoA,204479039.0,252460800.0,-0.4250505275213838,2.1824029902387196,13.904347212064259,1,Poa Network
PUSHI,X11,PoW/PoS,2167827.1,25000000.0,-0.3859244085842159,1.220658245974238,-0.48763223664891797,0,Pushi
ELP,XEVAN,PoW/PoS,419275.38,60000000.0,-0.3381996375249044,1.6881863551009466,-0.4671036032326089,0,Ellerium
VLX,Scrypt,PoS,25570013.1348022,124000000.0,-0.29515412949753056,0.7802749174781779,-0.2732484103987732,0,Velox
ONT,VBFT,PoS,650848625.0,1000000000.0,-0.31850889084828543,1.577031204535832,0.07403850660104186,0,Ontology
CLO,Ethash,PoW,247612453.0,6500000000.0,-0.10264001990073245,-2.034701704493084,0.3726568047866755,3,Callisto Network
TUBE,CryptoNight,PoW,80049082.9057215,1000000000.0,0.3146329920806037,-2.3156605824867498,0.3737047144223529,3,BitTube
PSD,Scrypt,PoW,4070212.1493016,21000000.0,-0.17350293854237184,-1.151722689994279,-0.03050154604345313,3,Poseidon
ADK,IMesh,PoW,25000000.0,25000000.0,-0.16902784789353645,-2.052752321662061,0.5384159494181925,3,Aidos Kuneen
BSX,NIST5,PoW/PoS,13787854.6277781,50000000.0,-0.35236854235937703,1.551229419283031,-0.6062921769962492,0,Bitspace
BRIA,Scrypt,PoW/PoS,845637.81347436,3000000.0,-0.33886379788871773,1.0011993336067968,-0.5909365526672841,0,Briacoin
IC,Scrypt,PoW/PoS,1182153.5,5000000.0,-0.3388454944509342,1.001198408988066,-0.5909369191583737,0,Ignition
BTL,Equihash,PoW,71355477.0,70000000.0,-0.16980103983715028,-1.90754614093745,0.4931356529912159,3,Bitrolium
MEDIC,Scrypt,PoS,267297676.3125,500000000.0,-0.28953104265175167,0.7801623865678583,-0.273379019038487,0,MedicCoin
ALPS,Lyra2Z,PoW,27340501.6514783,300000000.0,-0.14544133900735046,-2.1971297401196526,0.4743642837313014,3,Alpenschillling
BITG,Green Protocol,PoS,9803691.3618195,21000000.0,-0.33732734622162164,1.4238779650719682,-0.035284882915755364,0,Bitcoin Green
DEV,PoS,PoS,21876586.8530324,88000000.0,-0.3506371635086342,1.544279511023589,-0.11899287731717763,0,Deviant Coin
ABJ,Scrypt,PoW/PoS,9880502.37178894,30000000.0,-0.3385617795637209,1.0011883941084885,-0.5909430534939926,0,Abjcoin
SEM,Semux BFT consensus,DPoS,1231147.0,100000000.0,3.8962655969681164,2.0112756552320685,-0.04963610632723728,0,Semux
FTO,X11,PoW,31801461.1867843,100000000.0,-0.2198362653139515,-0.9322843525801071,0.07278650957464099,3,FuturoCoin
CARE,Quark,PoW/PoS,139739596.506702,200000000.0,-0.39042762792742874,1.6700232565083375,-0.5251119326440177,0,Carebit
NZL,PoS,PoS,11075254.0929996,80000000.0,-0.3508259856243143,1.544279961853335,-0.11898814193723299,0,Zealium
XMC,CryptoNight,PoW,16016864.0,18400000.0,0.30688616434539007,-2.315172044136285,0.3738496199245,3,Monero Classic
PROTON,X16R,PoS,4403800.0,45000000.0,-0.313544495230137,0.6098421377270298,-0.1401565647217194,0,Proton
DEAL,Scrypt,PoW/PoS,1404157529.46026,5121951220.0,-0.28538953109113047,0.9990189605715298,-0.5920619916813536,0,iDealCash
JUMP,NIST5,PoW,21069346.2522598,21000000.0,-0.18729151885297013,-0.6016667660918275,-0.04585269506690289,3,Jumpcoin
INFX,Lyra2RE,PoW,5097689.71077377,26280000.0,-0.1400124615617859,-2.252326175623836,0.39050440842166995,3,Infinex
XBI,XEVAN,PoS/PoW,10904963.0923455,21000000.0,-0.3241887798608945,1.532918873169531,-0.04787663572902486,0,Bitcoin Incognito
KEC,Tribus,PoW,795447.0,18000000.0,-0.15691062864077823,-2.291429346706577,0.3699509756493751,3,KEYCO
HWC,Scrypt,PoS,38706809.466535,26000000.0,-0.29568876388110416,0.7803303995970908,-0.27324069634939063,0,HollyWoodCoin
GIN,Lyra2Z,PoW,6986399.70430446,10500000.0,-0.1477440498314671,-2.196986161805595,0.4744075282738851,3,GINcoin
PLTC,CryptoNight,PoW,84300.0,600000518.0,0.31081749589440666,-2.31548000796378,0.37378239068227054,3,PlatinCoin
LOKI,CryptoNight Heavy,PoW,19153632.0,150000000.0,0.5830618343951686,-2.2180781528303446,0.29986486564173714,3,Loki
NCP,CryptoNight,PoW,41294520017.0,184000000000.0,2.116841715472127,-2.3966830623974884,0.33656664652233576,3,Newton Coin
SIC,Scrypt,PoW/PoS,10200000000.0,10200000000.0,-0.14181792864548046,0.9993990075185265,-0.5957384827794339,0,Swisscoin
XT3,Scrypt,PoS,7630000.0154,44000000.0,-0.2959410358784288,0.7803103636721701,-0.27323220188632297,0,Xt3ch
MGD,Jump Consistent Hash,PoW,135862416.039898,168000000.0,-0.15051686091965066,-1.9889679262205273,0.4844203983678774,3,MassGrid
VIG,SHA-256D,PoW/PoS,33238183.7225834,100000000.0,-0.33964319679783905,1.9573028153701602,-0.768221267037554,0,TheVig
PLURA,CryptoNight,PoW,560085952.404637,1000000000.0,0.32050234084837076,-2.3154957020103613,0.3735387286789184,3,PluraCoin
EMAR,Scrypt,PoW/PoS,21599339.6728,84000000.0,-0.33803539444722586,1.0011643337417842,-0.59095385915463,0,EmaratCoin
DKD,X15,PoS,30284196.369129,90000000.0,-0.2083051647084263,1.8291776092294043,-0.32602855542811215,0,Dekado
LYNX,Scrypt,HPoW,77872059787.8998,92000000000.0,2.225727555949679,0.010523944838220086,-0.6071629954455301,0,Lynx
POSQ,Quark,PoS,2716264.95302831,650000000.0,-0.3463615531419611,1.4488721707022845,-0.207409008388433,0,Poseidon Quark
BWS,SHA-256,PoS,57811001.000889,100262205.0,-0.2599039232427513,0.6242952625290917,-0.07112315029774079,0,BitcoinWSpectrum
MUSE,DPoS,PoS,18194936.0,18081806.0,1.0062691776661639,1.748532691832367,-0.021477222415611678,0,Muse
XMN,X16R,PoW,8125865.02097646,22075700.0,-0.1910168265698555,-1.3221884541795375,0.10257156375589245,3,Motion
PLUS1,HMQ1725,PoW,8645406.16776286,21000000.0,-0.14195805123493876,-2.1840776785233755,0.36380351612401585,3,PlusOneCoin
AXE,X11,PoW,4993030.69736615,21000000.0,-0.22072451023597323,-0.9322524725639723,0.07280565951664666,3,Axe
TRVC,X16R,PoW/PoS,36923120.6205934,82546564.0,-0.3554294513628313,0.8307037552802576,-0.45788432930710377,0,Trivechain
DTEM,Quark,PoS,7082392.24744494,21000000.0,-0.3507705793670521,1.4492008143018342,-0.207331851681529,0,Dystem
GIC,Quark,PoW/PoS,5919489.76813523,5151000.0,-0.39344617595387577,1.6700786339882332,-0.5250412917653279,0,Giant
PNY,Scrypt,PoS,1042012.45227735,16880000000.0,-0.1765793927123548,0.7715516692766923,-0.2753355324004272,0,Peony Coin
ABS,Lyra2REv2,PoW/PoS,13332617.9413708,52500000.0,-0.3490665254386756,0.873075945548298,-0.40232298389718846,0,Absolute Coin
VITAE,Quark,PoS,66053877.6256106,100000000.0,-0.3494890809293665,1.4491799814784232,-0.20736212287049716,0,Vitae
HEX,Scrypt,PoW,1416663.06600024,22105263.0,-0.17352754190880734,-1.1517241762701387,-0.03050076673766526,3,HexCoin
TPC,Scrypt,PoW/PoS,5403802.49590733,1000000000.0,-0.3317348971680205,1.0006823578631683,-0.5910628194190137,0,TPCash
WEBC,CryptoNight-V7,PoW,15580199.3087496,1750000000.0,-0.14114184000520105,-2.1849194837785157,0.4536539238616817,3,Webchain
RYO,Cryptonight-GPU,PoW,4890897.0,88188888.0,-0.16179959451632084,-2.2722095061215164,0.4375023712562963,3,Ryo
URALS,XEVAN,PoW,14746153.0962884,210000000.0,-0.1717665640877154,-0.4648005085602532,0.09331105577832605,3,Urals Coin
QWC,CryptoNight Heavy,PoW,99553110528.8022,184470000000.0,3.1077000525948826,-2.2797559042570406,0.2423961697056409,3,Qwertycoin
ARE,X11,PoS,19269509.94,55000000.0,-0.3429535369996496,0.9997785408955772,-0.1699300776366388,0,ARENON
EUNO,X11,PoW/PoS,30771125.9760867,50000000.0,-0.3853973184456345,1.2206550679395938,-0.4876452536598777,0,EUNO
MMO,Scrypt,PoS,107763867.917675,260000000.0,-0.2931843103869712,0.7802324151542752,-0.2732938401035546,0,MMOCoin
KETAN,PoS,PoS,9327131.59708692,210000000.0,-0.3499250809339624,1.5442117482015236,-0.1190037960358077,0,Ketan
PPAI,SHA-256,PoW,2100000000.0,2100000000.0,-0.09810250369646988,-1.3080871576611415,0.17064715711624395,3,Project Pai
XDNA,Keccak,PoW/PoS,4672513.84432375,366000000.0,-0.3466707761257107,1.0644347327801649,-0.4865436935539978,0,XDNA
PAXEX,X11,PoS,4504639.0,100000000.0,-0.34281481482917875,0.9997500649624836,-0.16993060024560774,0,PAXEX
AZART,X11,PoW,5015881.37315389,25000000.0,-0.22069585303576875,-0.9322545451219952,0.07280515135204525,3,Azart
TSC,Scrypt,PoW/PoS,1059954080.43439,18000000000.0,-0.1982353634357831,0.9922028408466209,-0.5935535780139235,0,ThunderStake
KCASH,SHA-512,Zero-Knowledge Proof,1000000000.0,1000000000.0,-0.40479860948659563,3.4236285416996326,0.180025082566744,0,Kcash
XCG,X16R,PoW,9753753.61515394,100000000.0,-0.1904440923814842,-1.3222284235991126,0.10256125520127195,3,Xchange
AAC,ECC 256K1,DPOS,1000000000.0,1000000000.0,-0.34545316531324866,3.537847242557737,13.82628588906644,1,Acute Angle Cloud
CRYP,Equihash,PoW,4235111504.0,7600000000.0,-0.06547010952532517,-1.9100323619794777,0.4907541758432414,3,CrypticCoin
BTXC,XEVAN,PoS,6787405.18013774,50000000.0,-0.2956437817856942,1.4673237673858421,-0.1493927301701665,0,Bettex coin
ACM,Lyra2Z,PoW,13634850.0,84000000.0,-0.14714131786790552,-2.1970221057039145,0.47439603705293487,3,Actinium
BSV,SHA-256,PoW,17992514.6469233,21000000.0,-0.13830830583936823,-1.3077209830133139,0.17162707945169683,3,Bitcoin SV
BITM,XEVAN,Pos,208515864.367343,70000000000.0,0.4400400556942077,1.717416681102213,-0.21679917414643868,0,BitMoney
JMC,X11,PoS,17209923728.3266,0.0,-0.13315582429435563,1.0057116997350215,-0.17586733310565966,0,Junson Ming Chan Coin
FRED,CryptoNight,PoW,1867054873.28397,8080000000.0,0.3867112010050597,-2.318729111140533,0.3722013426414804,3,FREDEnergy
HERB,Quark,PoW/PoS,35312185.7437239,54000000.0,-0.392740238373556,1.670063323186902,-0.5250575644269339,0,HerbCoin
UMO,Blake,PoW,1578281.31341127,105120001.44,-0.14257208069561683,-2.1659483923529264,0.3319817707460405,3,Universal Molecule
LIT,Blake,PoW,15846721.2482747,25228800.0,-0.14296440661718754,-2.1659019399594044,0.33198682870690016,3,Lithium
PIRATE,Equihash,PoS,13475920.0,105000000.0,-0.2929052146791895,0.024459568654052542,0.2504247406750661,0,PirateCash
EXO,Exosis,PoW,406091.925,21000000.0,-0.14640526054615777,-2.224521176297277,0.4308836715090577,3,Exosis
BLTG,Scrypt,PoW,35284717.173946,120000000.0,-0.17241893207668627,-1.1517634586689316,-0.030524720821821286,3,Block-Logic
OWC,Scrypt,PoW/PoS,14777549.3940764,21000000.0,-0.3385657540705046,1.001194757034765,-0.590943621188012,0,Oduwa
BEAM,Equihash,PoW,35687520.0,262800000.0,-0.16886933699505965,-1.9076586675755787,0.49312387345893877,3,Beam
GALI,Quark,PoW/PoS,18265011.2486006,19035999.0,-0.39319672239942427,1.6700756527503418,-0.5250472971026733,0,Galilel
BTH,Equihash,PoW,25150787.5,30886000.0,-0.17064347099957916,-1.9075416678187167,0.4931565213387697,3,Bithereum
CSPN,Quark,PoS,1934701.67524713,13370000.0,-0.35088765018309215,1.4492030145765082,-0.20732911747578994,0,Crypto Sports
CREDIT,Scrypt,PoW/PoS,30825710000.0296,74800000000.0,0.5686715603504359,0.9728848478160875,-0.6109496336923207,0,Credit
SLC,QuBit,PoW,12925790.4226959,100000000.0,-0.1789536095395294,-1.5680625696660555,0.205382354546893,3,SLICE
DASHP,X11,PoS,715659.44237941,19700000.0,-0.34343082668706376,0.9997905277077038,-0.1699192473163634,0,Dash Platinum
NSD,Scrypt,PoW/PoS,20546528.2059957,84000000.0,-0.33804826703697494,1.0011639721277765,-0.5909534951165627,0,Nasdacoin
BEET,XEVAN,PoW/PoS,198938144.363399,500000000.0,-0.33265081409471436,1.6880256965605087,-0.46722727547574544,0,Beetle Coin
TTN,SHA-256D,PoW/PoS,896361168.0,5000000000.0,-0.2943270888791559,1.9550507780542927,-0.7691325377942909,0,Titan Coin
AWR,X11,PoW/PoS,15420234.5389336,420000000.0,-0.38296006457655557,1.2204573576830429,-0.4876862200345282,0,Award
BLAST,SHA-256,PoW,52293836.6277958,64000000.0,-0.13758384657289485,-1.30773156575162,0.1716098410098613,3,BLAST
XRC,X13,PoW,1170292.5,2100000.0,-0.10462428791628224,-0.37043220223095624,-0.08734179926868907,3,Bitcoin Rhodium
GLT,SHA-256,PoW,84613099.9999955,168000000.0,-0.1364508601097318,-1.3077745554781426,0.1715856589021839,3,GlobalToken
INSN,X11,PoW/PoS,23775960.3207514,30000000.0,-0.38562473647183354,1.2206630673110506,-0.4876403335751675,0,Insane Coin
ALX,DPoS,DPoS,1000000000.0,1000000000.0,3.7179591661677893,2.0162344323822916,0.03206302702567263,0,ALAX
LDOGE,Scrypt,PoW/PoS,15318887081.0146,35000000000.0,0.09671245143195793,0.9882586940319567,-0.6006101094110298,0,LiteDoge
SLR,Scrypt,PoW,55565076.3863525,98100000000.0,0.5229434388564556,-1.2027160537673913,-0.042785684348517226,3,SolarCoin
TRK,X11,PoW/PoS,242574105.22384,0.0,-0.38316235338916854,1.2207538219683451,-0.4877122369819714,0,TruckCoin
UFO,NeoScrypt,PoW,3824685012.0,4000000000.0,-0.09691501122922744,-1.6383439709851497,0.20647803303562418,3,UFO Coin
OC,Scrypt,PoW/PoS,3537150.0,200000000.0,-0.33743328207577,1.001097798045392,-0.5909621213010493,0,OrangeCoin
BLC,Blake,PoW,23356790.1494191,7000000000.0,-0.09339040258256072,-2.169526950537754,0.33111192627545966,3,BlakeCoin
BITS,Scrypt,PoW/PoS,20576532.0,54256119.0,-0.3382589167200987,1.001179452275274,-0.5909497855477128,0,BitstarCoin
NEOS,SHA-256,PoS,4392258.24647793,21000000.0,-0.2611193892147453,0.6243181389518646,-0.07109476632697262,0,NeosCoin
HYPER,Scrypt,PoW/PoS,9631199.99309942,0.0,-0.33877766131127185,1.0012039115293245,-0.5909392153157336,0,HyperCoin
PINK,X11,PoW/PoS,436353624.490312,500000000.0,-0.37724581025632903,1.2205603294818659,-0.48784177441706184,0,PinkCoin
CESC,Scrypt,PoW,780210700.0,1000000000.0,-0.1570677006043235,-1.1519652849706878,-0.030892357086964313,3,Crypto Escudo
ADC,Scrypt,PoW/PoS,980732528.97974,10500000000.0,-0.2524123850035893,0.9960763927235365,-0.5925881912146997,0,AudioCoin
NKA,SHA-256,PoW/PoS,17939725045.334,190000000.0,-0.08317636859949441,0.8512605492222767,-0.3950293536770139,0,IncaKoin
PIGGY,X11,PoW/PoS,494240666.028571,1000000000.0,-0.37299080688716557,1.2203201613796393,-0.4879243233490271,0,Piggy Coin
CRW,SHA-256,PoW,22986929.0854247,42000000.0,-0.13809825628775246,-1.3077301896936755,0.17162272611504475,3,Crown Coin
GEN,Scrypt,PoW/PoS,60000000.0,15000000.0,-0.3380553917230007,1.0012134104083108,-0.590958507679552,0,Genstake
SMLY,Scrypt,PoW,29583989322.9213,50000000000.0,0.5427405256007699,-1.1675568998106132,-0.046980269516687684,3,SmileyCoin
MI,Scrypt,PoW/PoS,404316475.545465,400000000.0,-0.33111411465817003,1.0011314352353158,-0.5911257147710428,0,XiaoMiCoin
GRS,Groestl,PoW,73298203.8873662,105000000.0,-0.21293818519724797,-1.0945684025758704,0.17622006637084406,3,Groestlcoin
CPC,X11,PoW/PoS,201364327.427503,208000000.0,-0.3821905740035906,1.2206314863102115,-0.48772400128045124,0,CapriCoin
CLUB,Scrypt,PoW/PoS,103621876.167052,160000000.0,-0.33649333714241025,1.0011529786741462,-0.5909917256710503,0, ClubCoin
RADS,PoS,PoS,3821245.74150193,9000000.0,-0.35141838553800187,1.5443143975036826,-0.11897675399279226,0,Radium
BTA,Scrypt,PoW,5052555.91981545,5000000.0,-0.17360443878381707,-1.151714030957537,-0.03049988466195969,3,Bata
PAK,Scrypt,PoW,69684455.4387001,182000000.0,-0.1715584748992916,-1.1517838895353296,-0.030544369544719178,3,Pakcoin
CRB,X11,Proof of Trust,16901016.6609755,16504333.0,-0.3511400407332219,0.5681443858230747,-0.07800417800869036,0,Creditbit 
OK,SHA-256,PoW/PoS,74676064.9488608,105000000.0,-0.3022130421851625,0.845168567137919,-0.38884139874381285,0,OKCash
LSK,DPoS,DPoS,120012140.0,159918400.0,3.701239749749551,2.0163691067322973,0.032472372163068766,0,Lisk
XHI,Scrypt,PoS,10000244677.7002,10008835635.0,-0.10306757960667014,0.7785598455185778,-0.277933679479586,0,HiCoin
XWC,Scrypt,PoW/PoS,252005564.19257,300000000.0,-0.3336858456866198,1.0011311304707322,-0.5910605425659624,0,WhiteCoin
FSC,NeoScrypt,PoW/PoS,1120385.00502,60168145.0,-0.3368099224864693,0.5153056140750861,-0.3521455003918925,0,FriendshipCoin
J,Multiple,PoW,3332922.5,2800000.0,-0.12734201890107552,-1.8100065446057039,0.39206964045159776,3,JoinCoin
TRI,X13,PoW/PoS,140777.753365,120000.0,-0.26984465543188263,1.7824822432887228,-0.647779568448562,0,Triangles Coin
VOLLAR,Equihash+Scrypt,PoW,100000000.0,2100000000.0,-0.11357839291813378,-2.1750248645420043,0.32850968283513526,3,Vollar
EOS,DPoS,DPoS,1020544523.0722,0.0,3.711115909410265,2.0167615905667855,0.03218098904104011,0,EOS
RCC,Ethash,PoW,24487944.0958204,24487944.0,-0.15130834380347932,-2.0314104175111467,0.373543821483545,3,Reality Clash
OXY,DPoS,DPoS,1122382283.37,0.0,3.7123610665448408,2.0167965692517558,0.03214577587841291,0,Oxycoin
TCH,SHA-256,PoS,1000000000.0,1000000000.0,-0.24200075352517747,0.6241509254048301,-0.0715614641150516,0,TigerCash
WAVES,Leased POS,LPoS,100000000.0,100000000.0,-0.3843577284073864,2.9357084752356037,11.705295178133296,1,Waves
PART,PoS,PoS,9283137.5558676,8634140.0,-0.3513541992688366,1.5443164638092355,-0.118978596833166,0,Particl
BTT,TRC10,DPoS,989988713439.649,990000000000.0,34.076221073204465,1.7008930937013766,-0.8663543868825475,2,BitTorrent
NXT,PoS,PoS/LPoS,1000000000.0,1000000000.0,-0.35728373488276227,1.8165070799263503,-0.1809291232628451,0,Nxt
ZEPH,SHA-256,DPoS,1999999995.3056,2000000000.0,2.4700399825546624,0.891849511074322,-0.01802976748011271,0,ZEPHYR
GAP,Scrypt,PoW/PoS,14931046.1546605,250000000.0,-0.3369392477806236,1.0010757064763038,-0.5909723143411267,0,Gapcoin
BDX,CryptoNight,PoW,980222595.0,1400222610.0,0.3284786573731616,-2.315559552185839,0.37334340088351475,3,Beldex
ZEN,Equihash,PoW,7296537.5,21000000.0,-0.17093190835934338,-1.907542658575231,0.49316393132996494,3,Horizen
XBC,Scrypt,PoS,128326.99633965,1000000.0,-0.2963378193003889,0.7803301514094431,-0.2732242301486498,0,BitcoinPlus
